name,link
COMET P/2023 S1,https://minorplanetcenter.net/mpec/K23/K23SQ4.html
COMET C/2023 R1 (PANSTARRS),https://minorplanetcenter.net/mpec/K23/K23RJ7.html
COMET C/2023 S3 (Lemmon),https://minorplanetcenter.net/mpec/K23/K23V01.html
COMET C/2023 T3 (Fuls),https://minorplanetcenter.net/mpec/K23/K23UT0.html
COMET C/2023 U1 (Fuls),https://minorplanetcenter.net/mpec/K23/K23US8.html
2023 VG2,https://minorplanetcenter.net/mpec/K23/K23V79.html
COMET C/2023 X1 (Lemmon),https://minorplanetcenter.net/mpec/K23/K23XM2.html
2023 YA,https://minorplanetcenter.net/mpec/K23/K23Y24.html
2023 YC,https://minorplanetcenter.net/mpec/K23/K23Y30.html
2023 YT,https://minorplanetcenter.net/mpec/K23/K23Y52.html
2024 OS1,https://minorplanetcenter.net/mpec/K24/K24P03.html
2024 QU1,https://minorplanetcenter.net/mpec/K24/K24Q88.html
2024 PR5,https://minorplanetcenter.net/mpec/K24/K24PG8.html
2024 PY,https://minorplanetcenter.net/mpec/K24/K24P69.html
2024 PQ,https://minorplanetcenter.net/mpec/K24/K24P62.html
2024 PO,https://minorplanetcenter.net/mpec/K24/K24P54.html
2024 QA2,https://minorplanetcenter.net/mpec/K24/K24R02.html
2024 QB2,https://minorplanetcenter.net/mpec/K24/K24R03.html
2024 RR1,https://minorplanetcenter.net/mpec/K24/K24R62.html
2024 RW2,https://minorplanetcenter.net/mpec/K24/K24R92.html
2024 RW8,https://minorplanetcenter.net/mpec/K24/K24RK6.html
2024 RJ12,https://minorplanetcenter.net/mpec/K24/K24RP3.html
2024 RW13,https://minorplanetcenter.net/mpec/K24/K24RS9.html
2024 RM16,https://minorplanetcenter.net/mpec/K24/K24RX0.html
2024 RH32,https://minorplanetcenter.net/mpec/K24/K24Ra2.html
2024 SN1,https://minorplanetcenter.net/mpec/K24/K24S74.html
2024 SW3,https://minorplanetcenter.net/mpec/K24/K24SF1.html
2024 SY6,https://minorplanetcenter.net/mpec/K24/K24T13.html
2024 SC6,https://minorplanetcenter.net/mpec/K24/K24T03.html
2024 TK13,https://minorplanetcenter.net/mpec/K24/K24TQ9.html
COMET P/2024 S2 (Rankin),https://minorplanetcenter.net/mpec/K24/K24TP9.html
2024 TD16,https://minorplanetcenter.net/mpec/K24/K24TT2.html
2024 UG6,https://minorplanetcenter.net/mpec/K24/K24UJ5.html
2024 VJ2,https://minorplanetcenter.net/mpec/K24/K24VB9.html
2024 VF2,https://minorplanetcenter.net/mpec/K24/K24VB5.html
2024 XJ,https://minorplanetcenter.net/mpec/K24/K24X44.html
2025 DP2,https://minorplanetcenter.net/mpec/K25/K25D86.html
2025 DG2,https://minorplanetcenter.net/mpec/K25/K25D78.html
2025 DR4,https://minorplanetcenter.net/mpec/K25/K25DD3.html
2025 EG,https://minorplanetcenter.net/mpec/K25/K25E49.html
2025 EV3,https://minorplanetcenter.net/mpec/K25/K25EF1.html
2025 FS6,https://minorplanetcenter.net/mpec/K25/K25FE5.html
2025 HU2,https://minorplanetcenter.net/mpec/K25/K25HC1.html
2025 NS1,https://minorplanetcenter.net/mpec/K25/K25N85.html
2025 TB,https://minorplanetcenter.net/mpec/K25/K25T23.html